insert into loyalty_program (id,name,lower_bound,upper_bound,discount_percentage) values (1,'Sil 1',100,200,10);
insert into loyalty_program (id,name,lower_bound,upper_bound,discount_percentage) values (2,'Sil 2',200,300,30);

insert into pharmacies (id,address,avg_rank,name,city,pharmacist_counceling_price) values(1,'Ul.29.novembra 25',3.7,'Viva','Aleksandrovac',600);
insert into pharmacies (id,address,avg_rank,name,city,pharmacist_counceling_price) values(2,'Ul.Vinogradarska',4.3,'Hrast','Aleksandrovac',700);
insert into pharmacies (id,address,avg_rank,name,city,pharmacist_counceling_price) values(3,'Trg oslobodjenja',3.7,'Menta','Apatin',600);
insert into pharmacies (id,address,avg_rank,name,city,pharmacist_counceling_price) values(4,'Narodne revolucije 1',4.0,'Belladonna','Backi Petrovac',500);
insert into pharmacies (id,address,avg_rank,name,city,pharmacist_counceling_price) values(5,'Svetosavska 4B',3.6,'Kod Svetog duha','Beocin',400);
insert into pharmacies (id,address,avg_rank,name,city,pharmacist_counceling_price) values(6,'Jovanke Radakovic 50a',3.7,'101 pharm','Beograd',600);
insert into pharmacies (id,address,avg_rank,name,city,pharmacist_counceling_price) values(7,'Skadarska 1',4.7,'Nikolic','Cacak',700);
insert into pharmacies (id,address,avg_rank,name,city,pharmacist_counceling_price) values(8,'Dragiše Mišovica',3.8,'Medica-S','Cacak',400);
insert into pharmacies (id,address,avg_rank,name,city,pharmacist_counceling_price) values(9,'Skadarska 11',3.9,'Mišovic 1','Cacak',600);
insert into pharmacies (id,address,avg_rank,name,city,pharmacist_counceling_price) values(10,'Kneza Miloša bb',4.5,'Moc prirode','Kosovska Mitrovica',700);
insert into pharmacies (id,address,avg_rank,name,city,pharmacist_counceling_price) values(11,'Porecka 2',3.0,'Beladona','Kostolac',600);
insert into pharmacies (id,address,avg_rank,name,city,pharmacist_counceling_price) values(12,'Brace Hadzica 67',3.4,'Hygieia','Kragujevac',500);
insert into pharmacies (id,address,avg_rank,name,city,pharmacist_counceling_price) values(13,'Dula Karaklajica 22',3.0,'Juricic','Lazarevac',400);
insert into pharmacies (id,address,avg_rank,name,city,pharmacist_counceling_price) values(14,'29.Novembra bb',3.6,'Tilija','Leposavic',300);
insert into pharmacies (id,address,avg_rank,name,city,pharmacist_counceling_price) values(15,'Sutjeska',3.4,'Leskovac','Leskovac',600);
insert into pharmacies (id,address,avg_rank,name,city,pharmacist_counceling_price) values(16,'Badnjevska 4',4.3,'Zivkovic','Negotin',100);
insert into pharmacies (id,address,avg_rank,name,city,pharmacist_counceling_price) values(17,'Cele kula ,Vozdova 24',3.6,'Niš','Niš',300);
insert into pharmacies (id,address,avg_rank,name,city,pharmacist_counceling_price) values(18,'Bulevar Nemanjica 92',3.4,'Farmakop','Niš',300);

insert into meds (id,additional_notes,form,issuance_regime,name,price,producer,type,stars) values(1,'150mg; blister,6x10kom',2,0,'Actawell® XR',475,'MERCKLE GMBH, LudwigMerckle-Strasse 3,Blaubeuren, Nemacka','kvetiapin',0);
insert into meds (id,additional_notes,form,issuance_regime,name,price,producer,type,stars) values(2,'200mg; blister,6x10kom',2,0,'Actawell® XR',475,'MERCKLE GMBH, LudwigMerckle-Strasse 3,Blaubeuren, Nemacka','kvetiapin',0);
insert into meds (id,additional_notes,form,issuance_regime,name,price,producer,type,stars) values(3,'300mg; blister,6x10kom',2,0,'Actawell® XR',475,'MERCKLE GMBH, LudwigMerckle-Strasse 3,Blaubeuren, Nemacka','kvetiapin',0);
insert into meds (id,additional_notes,form,issuance_regime,name,price,producer,type,stars) values(4,'150mg; blister,4x14kom',1,0,'Pregalix®',367,'PHARMATHEN SA, Dervenakion 6, Pallini, Attiki, Grcka','pregabalin',0);
insert into meds (id,additional_notes,form,issuance_regime,name,price,producer,type,stars) values(5,'50mg; blister,4x14kom',1,0,'Pregalix®',367,'PHARMATHEN SA, Dervenakion 6, Pallini, Attiki, Grcka','pregabalin',0);
insert into meds (id,additional_notes,form,issuance_regime,name,price,producer,type,stars) values(6,'75mg; blister,4x14kom',1,0,'Pregalix®',367,'PHARMATHEN SA, Dervenakion 6, Pallini, Attiki, Grcka','pregabalin',0);
insert into meds (id,additional_notes,form,issuance_regime,name,price,producer,type,stars) values(7,'500mg+500mg+250mg; bocica staklena, 25x500mg + 500 mg + 250 mg',0,1,'RECARBRIO®',1040,'LABORATOIRES MERCK SHARP & DOHME CHIBRET, Route de Marsat, Riom, Clermont-Ferrand, Francuska','imipenem, cilastatin, relebaktam',0);
insert into meds (id,additional_notes,form,issuance_regime,name,price,producer,type,stars) values(8,'rastvor za injekciju/infuziju; 1000mg+200mg; bocica staklena, 10x1.2g',0,1,'Amoxiplus 1,2g',756,'ANTIBIOTICE SA, Str. Valea Lupului nr. 1, Iasi, jud. Iasi, Rumunija','amoksicilin, klavulanska kiselina',0);
insert into meds (id,additional_notes,form,issuance_regime,name,price,producer,type,stars) values(9,'25mg/g; tuba, 1x50g',5,1,'Ketonal®',427,'SALUTAS PHARMA GMBH, Lange Göhren 3, Sülzetal, Osterweddingen, Nemacka','ketoprofen',0);
insert into meds (id,additional_notes,form,issuance_regime,name,price,producer,type,stars) values(10,'100mg/2mL; ampula, 10x2mL',6,1,'Ketonal®',180,'LEK FARMACEVTSKA DRU@BA D.D., Verovckova 57, Ljubljana, Slovenija','ketoprofen',0);
insert into meds (id,additional_notes,form,issuance_regime,name,price,producer,type,stars) values(11,'; 8mg/mL; boca staklena, 1x100mL',7,1,'HEDELIX®',823,'KREWEL-MEUSELBACH GMBH, Krewelstr.2, Eitorf, Nemacka','br{ljan (Hedera helix L.), meki ekstrakt lista',0);

insert into pharmacy_med (id,pharmacy_id,med_id,quantity) values(1,1,1,16);
insert into pharmacy_med (id,pharmacy_id,med_id,quantity) values(2,1,2,16);
insert into pharmacy_med (id,pharmacy_id,med_id,quantity) values(3,1,3,16);
insert into pharmacy_med (id,pharmacy_id,med_id,quantity) values(4,1,4,16);
insert into pharmacy_med (id,pharmacy_id,med_id,quantity) values(5,1,5,16);
insert into pharmacy_med (id,pharmacy_id,med_id,quantity) values(6,1,6,16);
insert into pharmacy_med (id,pharmacy_id,med_id,quantity) values(7,1,7,16);
insert into pharmacy_med (id,pharmacy_id,med_id,quantity) values(8,1,8,16);
insert into pharmacy_med (id,pharmacy_id,med_id,quantity) values(9,1,9,16);
insert into pharmacy_med (id,pharmacy_id,med_id,quantity) values(10,1,10,16);

insert into pharmacy_med (id,pharmacy_id,med_id,quantity) values(11,2,10,16);
insert into pharmacy_med (id,pharmacy_id,med_id,quantity) values(12,2,11,16);
insert into pharmacy_med (id,pharmacy_id,med_id,quantity) values(13,2,7,16);
insert into pharmacy_med (id,pharmacy_id,med_id,quantity) values(14,2,8,16);
insert into pharmacy_med (id,pharmacy_id,med_id,quantity) values(15,2,3,16);
insert into pharmacy_med (id,pharmacy_id,med_id,quantity) values(16,2,1,16);

insert into pharmacy_med (id,pharmacy_id,med_id,quantity) values(17,3,6,16);
insert into pharmacy_med (id,pharmacy_id,med_id,quantity) values(18,3,7,16);
insert into pharmacy_med (id,pharmacy_id,med_id,quantity) values(19,3,8,16);
insert into pharmacy_med (id,pharmacy_id,med_id,quantity) values(20,3,9,16);
insert into pharmacy_med (id,pharmacy_id,med_id,quantity) values(21,3,10,16);

insert into pharmacy_med (id,pharmacy_id,med_id,quantity) values(22,4,2,16);
insert into pharmacy_med (id,pharmacy_id,med_id,quantity) values(23,4,3,16);
insert into pharmacy_med (id,pharmacy_id,med_id,quantity) values(24,4,4,16);
insert into pharmacy_med (id,pharmacy_id,med_id,quantity) values(25,4,5,16);
insert into pharmacy_med (id,pharmacy_id,med_id,quantity) values(26,4,6,16);
insert into pharmacy_med (id,pharmacy_id,med_id,quantity) values(27,4,7,16);
insert into pharmacy_med (id,pharmacy_id,med_id,quantity) values(28,4,8,16);
insert into pharmacy_med (id,pharmacy_id,med_id,quantity) values(29,4,9,16);
insert into pharmacy_med (id,pharmacy_id,med_id,quantity) values(30,4,10,16);

insert into pharmacy_med (id,pharmacy_id,med_id,quantity) values(31,5,2,16);
insert into pharmacy_med (id,pharmacy_id,med_id,quantity) values(32,5,3,16);
insert into pharmacy_med (id,pharmacy_id,med_id,quantity) values(33,5,4,16);
insert into pharmacy_med (id,pharmacy_id,med_id,quantity) values(34,5,5,16);
insert into pharmacy_med (id,pharmacy_id,med_id,quantity) values(35,5,6,16);
insert into pharmacy_med (id,pharmacy_id,med_id,quantity) values(36,5,7,16);
insert into pharmacy_med (id,pharmacy_id,med_id,quantity) values(37,5,8,16);
insert into pharmacy_med (id,pharmacy_id,med_id,quantity) values(38,5,9,16);
insert into pharmacy_med (id,pharmacy_id,med_id,quantity) values(39,5,10,16);

insert into pharmacy_med (id,pharmacy_id,med_id,quantity) values(40,6,2,16);
insert into pharmacy_med (id,pharmacy_id,med_id,quantity) values(41,6,3,16);
insert into pharmacy_med (id,pharmacy_id,med_id,quantity) values(42,6,4,16);
insert into pharmacy_med (id,pharmacy_id,med_id,quantity) values(43,6,5,16);
insert into pharmacy_med (id,pharmacy_id,med_id,quantity) values(44,6,6,16);
insert into pharmacy_med (id,pharmacy_id,med_id,quantity) values(45,6,7,16);
insert into pharmacy_med (id,pharmacy_id,med_id,quantity) values(46,6,8,16);
insert into pharmacy_med (id,pharmacy_id,med_id,quantity) values(47,6,9,16);
insert into pharmacy_med (id,pharmacy_id,med_id,quantity) values(48,6,10,16);

insert into pharmacy_med (id,pharmacy_id,med_id,quantity) values(49,7,6,16);
insert into pharmacy_med (id,pharmacy_id,med_id,quantity) values(50,7,7,16);
insert into pharmacy_med (id,pharmacy_id,med_id,quantity) values(51,7,8,16);
insert into pharmacy_med (id,pharmacy_id,med_id,quantity) values(52,7,9,16);
insert into pharmacy_med (id,pharmacy_id,med_id,quantity) values(53,7,10,16);

insert into pharmacy_med (id,pharmacy_id,med_id,quantity) values(54,8,6,16);
insert into pharmacy_med (id,pharmacy_id,med_id,quantity) values(55,8,7,16);
insert into pharmacy_med (id,pharmacy_id,med_id,quantity) values(56,8,8,16);
insert into pharmacy_med (id,pharmacy_id,med_id,quantity) values(57,8,9,16);
insert into pharmacy_med (id,pharmacy_id,med_id,quantity) values(58,8,10,16);

insert into pharmacy_med (id,pharmacy_id,med_id,quantity) values(59,9,6,16);
insert into pharmacy_med (id,pharmacy_id,med_id,quantity) values(60,9,7,16);
insert into pharmacy_med (id,pharmacy_id,med_id,quantity) values(61,9,8,16);
insert into pharmacy_med (id,pharmacy_id,med_id,quantity) values(62,9,9,16);
insert into pharmacy_med (id,pharmacy_id,med_id,quantity) values(63,9,10,16);

insert into pharmacy_med (id,pharmacy_id,med_id,quantity) values(64,10,2,16);
insert into pharmacy_med (id,pharmacy_id,med_id,quantity) values(65,10,3,16);
insert into pharmacy_med (id,pharmacy_id,med_id,quantity) values(66,10,4,16);
insert into pharmacy_med (id,pharmacy_id,med_id,quantity) values(67,10,5,16);
insert into pharmacy_med (id,pharmacy_id,med_id,quantity) values(68,10,6,16);
insert into pharmacy_med (id,pharmacy_id,med_id,quantity) values(69,10,7,16);
insert into pharmacy_med (id,pharmacy_id,med_id,quantity) values(70,10,8,16);
insert into pharmacy_med (id,pharmacy_id,med_id,quantity) values(71,10,9,16);
insert into pharmacy_med (id,pharmacy_id,med_id,quantity) values(72,10,11,16);

insert into pharmacy_med (id,pharmacy_id,med_id,quantity) values(73,11,2,16);
insert into pharmacy_med (id,pharmacy_id,med_id,quantity) values(74,11,3,16);
insert into pharmacy_med (id,pharmacy_id,med_id,quantity) values(75,11,4,16);
insert into pharmacy_med (id,pharmacy_id,med_id,quantity) values(76,11,5,16);
insert into pharmacy_med (id,pharmacy_id,med_id,quantity) values(77,11,6,16);
insert into pharmacy_med (id,pharmacy_id,med_id,quantity) values(78,11,7,16);
insert into pharmacy_med (id,pharmacy_id,med_id,quantity) values(79,11,8,16);
insert into pharmacy_med (id,pharmacy_id,med_id,quantity) values(80,11,9,16);
insert into pharmacy_med (id,pharmacy_id,med_id,quantity) values(81,11,11,16);

insert into pharmacy_med (id,pharmacy_id,med_id,quantity) values(82,12,5,16);
insert into pharmacy_med (id,pharmacy_id,med_id,quantity) values(83,12,6,16);
insert into pharmacy_med (id,pharmacy_id,med_id,quantity) values(84,12,7,16);
insert into pharmacy_med (id,pharmacy_id,med_id,quantity) values(85,12,8,16);
insert into pharmacy_med (id,pharmacy_id,med_id,quantity) values(86,12,9,16);
insert into pharmacy_med (id,pharmacy_id,med_id,quantity) values(87,12,11,16);

insert into pharmacy_med (id,pharmacy_id,med_id,quantity) values(88,13,5,16);
insert into pharmacy_med (id,pharmacy_id,med_id,quantity) values(89,13,6,16);
insert into pharmacy_med (id,pharmacy_id,med_id,quantity) values(90,13,7,16);
insert into pharmacy_med (id,pharmacy_id,med_id,quantity) values(91,13,8,16);
insert into pharmacy_med (id,pharmacy_id,med_id,quantity) values(92,13,9,16);
insert into pharmacy_med (id,pharmacy_id,med_id,quantity) values(93,13,11,16);

insert into pharmacy_med (id,pharmacy_id,med_id,quantity) values(94,14,5,16);
insert into pharmacy_med (id,pharmacy_id,med_id,quantity) values(95,14,6,16);
insert into pharmacy_med (id,pharmacy_id,med_id,quantity) values(96,14,7,16);
insert into pharmacy_med (id,pharmacy_id,med_id,quantity) values(97,14,8,16);
insert into pharmacy_med (id,pharmacy_id,med_id,quantity) values(98,14,9,16);
insert into pharmacy_med (id,pharmacy_id,med_id,quantity) values(99,14,11,16);

insert into pharmacy_med (id,pharmacy_id,med_id,quantity) values(100,15,2,16);
insert into pharmacy_med (id,pharmacy_id,med_id,quantity) values(101,15,3,16);
insert into pharmacy_med (id,pharmacy_id,med_id,quantity) values(102,15,4,16);
insert into pharmacy_med (id,pharmacy_id,med_id,quantity) values(103,15,5,16);
insert into pharmacy_med (id,pharmacy_id,med_id,quantity) values(104,15,6,16);
insert into pharmacy_med (id,pharmacy_id,med_id,quantity) values(105,15,7,16);
insert into pharmacy_med (id,pharmacy_id,med_id,quantity) values(106,15,8,16);
insert into pharmacy_med (id,pharmacy_id,med_id,quantity) values(107,15,9,16);
insert into pharmacy_med (id,pharmacy_id,med_id,quantity) values(108,15,11,16);

insert into pharmacy_med (id,pharmacy_id,med_id,quantity) values(109,16,2,16);
insert into pharmacy_med (id,pharmacy_id,med_id,quantity) values(110,16,3,16);
insert into pharmacy_med (id,pharmacy_id,med_id,quantity) values(111,16,4,16);
insert into pharmacy_med (id,pharmacy_id,med_id,quantity) values(112,16,5,16);
insert into pharmacy_med (id,pharmacy_id,med_id,quantity) values(113,16,6,16);
insert into pharmacy_med (id,pharmacy_id,med_id,quantity) values(114,16,7,16);
insert into pharmacy_med (id,pharmacy_id,med_id,quantity) values(115,16,8,16);
insert into pharmacy_med (id,pharmacy_id,med_id,quantity) values(116,16,9,16);
insert into pharmacy_med (id,pharmacy_id,med_id,quantity) values(117,16,11,16);

insert into pharmacy_med (id,pharmacy_id,med_id,quantity) values(118,17,1,16);
insert into pharmacy_med (id,pharmacy_id,med_id,quantity) values(119,17,2,16);
insert into pharmacy_med (id,pharmacy_id,med_id,quantity) values(120,17,3,16);
insert into pharmacy_med (id,pharmacy_id,med_id,quantity) values(121,17,4,16);
insert into pharmacy_med (id,pharmacy_id,med_id,quantity) values(122,17,5,16);
insert into pharmacy_med (id,pharmacy_id,med_id,quantity) values(123,17,6,16);
insert into pharmacy_med (id,pharmacy_id,med_id,quantity) values(124,17,7,16);
insert into pharmacy_med (id,pharmacy_id,med_id,quantity) values(125,17,8,16);
insert into pharmacy_med (id,pharmacy_id,med_id,quantity) values(126,17,9,16);
insert into pharmacy_med (id,pharmacy_id,med_id,quantity) values(127,17,10,16);

insert into pharmacy_med (id,pharmacy_id,med_id,quantity) values(128,18,1,16);
insert into pharmacy_med (id,pharmacy_id,med_id,quantity) values(129,18,2,16);
insert into pharmacy_med (id,pharmacy_id,med_id,quantity) values(130,18,3,16);
insert into pharmacy_med (id,pharmacy_id,med_id,quantity) values(131,18,4,16);
insert into pharmacy_med (id,pharmacy_id,med_id,quantity) values(132,18,5,16);
insert into pharmacy_med (id,pharmacy_id,med_id,quantity) values(133,18,6,16);
insert into pharmacy_med (id,pharmacy_id,med_id,quantity) values(134,18,7,16);
insert into pharmacy_med (id,pharmacy_id,med_id,quantity) values(135,18,8,16);
insert into pharmacy_med (id,pharmacy_id,med_id,quantity) values(136,18,9,16);
insert into pharmacy_med (id,pharmacy_id,med_id,quantity) values(137,18,10,16);

insert into users (dtype,id,first_name,last_name,username,password,email,phone_number,country,city,address, enabled, last_password_reset_date,points,user_category,loyalty_program_id,penalties)
values ('User',1,'Andjela','Paunovic','andjica','$2a$12$zjkiVPZmu2j1s5.jMYsfEOlS1nSgNPvkn7r5.KfRWypgDMhWNn4PS','andjelapaunovic99@gmail.com','0616972406','Srbija','Uzice','Potocanje BB',true, '2021-01-02 18:57:58',0,0,1,0);
insert into users (dtype,id,first_name,last_name,username,password,email,phone_number,country,city,address, enabled, last_password_reset_date,points,user_category,loyalty_program_id,penalties)
values ('User',2,'Andrija','Popovic','andrija','$2a$12$CzWBCQiV3UbgYRKcRm647u3app1S9e0V3SYkpX1iGacGyZfCixajy','andrijapopovic89@gmail.com','0616972407','Srbija','Pozarevac','Proleterskih brigada 13',true, '2021-01-02 18:57:48',0,1,2,0);
insert into users (dtype,id,first_name,last_name,username,password,email,phone_number,country,city,address, enabled, last_password_reset_date,stars,pharmacy_id)
values ('Pharmacist',3,'Marija','Krstic','marija','$2a$12$s6D2OReh/jx8fIo5SUdTyuhtNDjcsPCSWIFGhlkUouD9LknkWP74K','marijakrstic77@gmail.com','0616972408','Srbija','Krusevac','Kostolac 14',true, '2021-01-02 17:57:58',3.4,1);
insert into users (dtype,id,first_name,last_name,username,password,email,phone_number,country,city,address, enabled, last_password_reset_date,stars,pharmacy_id)
values ('Pharmacist',4,'Momcilo','Stefanovic','momcilo','$2a$12$EOE8SNMv2P0lw.E7zZ0seuHx6cZgw212odgJjtIriVJ9MBFjUlXlm','momcilohej334@gmail.com','0616972409','Srbija','Pec','Mitra Misovica 7',true, '2021-01-02 18:57:58',4.0,1);
insert into users (dtype,id,first_name,last_name,username,password,email,phone_number,country,city,address, enabled, last_password_reset_date,stars,pharmacy_id)
values ('Pharmacist',5,'Marta','Savic','marta','$2a$12$t5Kqg4ujfrRa/mCVVV/u5.IqfEWm5J3ECCuWus7Vzx02ZIUtl9bve','marta_savic3@gmail.com','0616972411','Srbija','Sremska Mitrovica','Ilije Glamocanina 9',true, '2021-01-02 18:57:58',4.4,2);
insert into users (dtype,id,first_name,last_name,username,password,email,phone_number,country,city,address, enabled, last_password_reset_date,stars)
values ('Dermatologist',6,'Kristina','Masjstorovic','kristina','$2a$12$X0eATE8En94kA35Fav4mmOTRkqvaPbCap/M0ANJWrAQYv.iQwvOtu','kiki123@gmail.com','0616944505','Srbija','Knjazevac','Save Stojkovica BB',true, '2021-01-02 18:57:58',4.4);
insert into users (dtype,id,first_name,last_name,username,password,email,phone_number,country,city,address, enabled, last_password_reset_date,stars)
values ('Dermatologist',7,'Kosta','Lalic','kosta','$2a$12$o2kCZuolSjV4T0LRvqzckuuQ2D74wYsgHYsebb645xiv.zjJUlWee','koco97@gmail.com','0616972403','Srbija','Cacak','Vesniceva 9',true, '2021-01-02 18:57:58',4.8);
insert into users (dtype,id,first_name,last_name,username,password,email,phone_number,country,city,address, enabled, last_password_reset_date,stars)
values ('Dermatologist',8,'Kalina','Stankovic','kalina','$2a$12$OiTckpq1kQn9F9a6ppubKO0zfncYnX3l1dtjqi8p5A6T3BGKQsSne','kalinica11@gmail.com','0617072406','Srbija','Uzice','Zicka 2',true, '2021-01-02 18:57:58',5.0);

insert into authority (id,name) values (1,'ROLE_USER');
insert into authority (id,name) values (2,'ROLE_PHARMACIST');
insert into authority (id,name) values (3,'ROLE_DERMATOLOGIST');
insert into authority (id,name) values (4,'ROLE_ADMIN');

insert into user_authority (user_id,authority_id) values (1,1);
insert into user_authority (user_id,authority_id) values (2,1);
insert into user_authority (user_id,authority_id) values (3,2);
insert into user_authority (user_id,authority_id) values (4,2);
insert into user_authority (user_id,authority_id) values (5,2);
insert into user_authority (user_id,authority_id) values (6,3);
insert into user_authority (user_id,authority_id) values (7,3);
insert into user_authority (user_id,authority_id) values (8,3);

insert into user_allergy (user_id,med_id) values (1,1);
insert into user_allergy (user_id,med_id) values (2,7);
insert into user_allergy (user_id,med_id) values (2,8);

insert into reservation (id,user_id,med_id,pick_up_date,picked_up,pharmacy_id) values (1,1,1,'2021-08-30',0,1);
insert into reservation (id,user_id,med_id,pick_up_date,picked_up,pharmacy_id) values (2,1,3,'2021-08-31',0,1);
insert into reservation (id,user_id,med_id,pick_up_date,picked_up,pharmacy_id) values (3,1,5,'2021-08-30',0,1);
insert into reservation (id,user_id,med_id,pick_up_date,picked_up,pharmacy_id) values (4,1,7,'2021-09-30',0,1);
insert into reservation (id,user_id,med_id,pick_up_date,picked_up,pharmacy_id) values (5,2,8,'2021-09-07',0,1);
insert into reservation (id,user_id,med_id,pick_up_date,picked_up,pharmacy_id) values (6,2,9,'2021-09-03',0,1);
insert into reservation (id,user_id,med_id,pick_up_date,picked_up,pharmacy_id) values (7,2,10,'2021-09-13',0,1);
insert into reservation (id,user_id,med_id,pick_up_date,picked_up,pharmacy_id) values (8,2,11,'2021-10-11',0,1);

insert into term (id,user_id,pharmacist_id,start,end) values (1,1,3,'2021-08-26 10:00:00','2021-08-26 10:30:00');
insert into term (id,user_id,pharmacist_id,start,end) values (2,1,4,'2021-08-26 11:00:00','2021-08-26 11:30:00');
insert into term (id,user_id,pharmacist_id,start,end) values (3,1,5,'2021-08-26 12:45:00','2021-08-26 13:15:00');
insert into term (id,user_id,pharmacist_id,start,end) values (5,2,3,'2021-08-26 10:00:00','2021-08-26 10:30:00');
insert into term (id,user_id,pharmacist_id,start,end) values (6,2,4,'2021-08-26 17:00:00','2021-08-26 17:30:00');
insert into term (id,user_id,pharmacist_id,start,end) values (7,2,5,'2021-08-26 11:00:00','2021-08-26 11:30:00');

insert into derm_appointment (id,user_id,dermatologist_id,pharmacy_id,date,duration,price)
values (1,1,6,1,'2021-09-25 13:00:00',45,1400);
insert into derm_appointment (id,user_id,dermatologist_id,pharmacy_id,date,duration,price)
values (2,null,7,2,'2021-09-25 17:00:00',30,400);
insert into derm_appointment (id,user_id,dermatologist_id,pharmacy_id,date,duration,price)
values (3,null,8,2,'2021-09-25 18:00:00',20,1000);
insert into derm_appointment (id,user_id,dermatologist_id,pharmacy_id,date,duration,price)
values (4,2,6,1,'2021-09-25 16:00:00',30,1200);
insert into derm_appointment (id,user_id,dermatologist_id,pharmacy_id,date,duration,price)
values (5,null,7,3,'2021-09-25 13:00:00',45,1100);
insert into derm_appointment (id,user_id,dermatologist_id,pharmacy_id,date,duration,price)
values (6,null,8,4,'2021-09-25 13:00:00',60,1400);

insert into prescriptions (id,user_id,date,prescription_status) values (1,1,'2021-08-25 13:47:53',0);
insert into prescriptions (id,user_id,date,prescription_status) values (2,1,'2021-09-25 13:47:53',1);
insert into prescriptions (id,user_id,date,prescription_status) values (3,1,'2021-10-25 13:47:53',0);
insert into prescriptions (id,user_id,date,prescription_status) values (4,2,'2021-07-25 13:47:53',2);
insert into prescriptions (id,user_id,date,prescription_status) values (5,2,'2021-08-25 13:47:53',1);
insert into prescriptions (id,user_id,date,prescription_status) values (6,2,'2021-09-25 13:47:53',1);

insert into prescription_med (prescription_id,med_id) values (1,1);
insert into prescription_med (prescription_id,med_id) values (1,2);
insert into prescription_med (prescription_id,med_id) values (2,3);
insert into prescription_med (prescription_id,med_id) values (3,4);
insert into prescription_med (prescription_id,med_id) values (3,5);
insert into prescription_med (prescription_id,med_id) values (4,6);
insert into prescription_med (prescription_id,med_id) values (6,1);
insert into prescription_med (prescription_id,med_id) values (6,2);

insert into user_promoted_pharmacy (user_id,pharmacy_id) values (1,1);
insert into user_promoted_pharmacy (user_id,pharmacy_id) values (1,2);
insert into user_promoted_pharmacy (user_id,pharmacy_id) values (1,3);
insert into user_promoted_pharmacy (user_id,pharmacy_id) values (2,1);
insert into user_promoted_pharmacy (user_id,pharmacy_id) values (2,4);
insert into user_promoted_pharmacy (user_id,pharmacy_id) values (2,5);
